{
  "method": "arima",
  "dataset": "synthetic_timeseries_n100000.csv",
  "n": 100000,
  "iterations": 10,
  "warmup": 3,
  "timestamp": "2026-02-27T11:16:30",
  "r_version": "4.3.3",
  "timing": {
    "min_us": 294351.4331709594,
    "median_us": 414552.2126345895,
    "mean_us": 0,
    "max_us": 0,
    "itr_per_sec": 2.47595965,
    "mem_alloc": 127213160,
    "n_gc": 40,
    "n_itr": 10
  }
}
