{
  "method": "changepoint",
  "dataset": "synthetic_timeseries_n100000.csv",
  "n": 100000,
  "iterations": 10,
  "warmup": 3,
  "timestamp": "2026-02-27T11:17:51",
  "r_version": "4.3.3",
  "timing": {
    "min_us": 60291.4330083877,
    "median_us": 67889.8480837233,
    "mean_us": 0,
    "max_us": 0,
    "itr_per_sec": 14.6132590483,
    "mem_alloc": 23845592,
    "n_gc": 6,
    "n_itr": 4
  }
}
