{
  "method": "cox_ph",
  "dataset": "synthetic_survival_n100000.csv",
  "n": 100000,
  "iterations": 10,
  "warmup": 3,
  "timestamp": "2026-02-27T11:16:18",
  "r_version": "4.3.3",
  "timing": {
    "min_us": 522454.6729587018,
    "median_us": 629135.2899861522,
    "mean_us": 0,
    "max_us": 0,
    "itr_per_sec": 1.6083493634,
    "mem_alloc": 148694792,
    "n_gc": 55,
    "n_itr": 10
  }
}
