{
  "method": "diagnostics",
  "dataset": "synthetic_ols_n100000.csv",
  "n": 100000,
  "iterations": 10,
  "warmup": 3,
  "timestamp": "2026-02-27T11:07:44",
  "r_version": "4.3.3",
  "timing": {
    "min_us": 187547.2171232104,
    "median_us": 244143.3315398172,
    "mean_us": 0,
    "max_us": 0,
    "itr_per_sec": 3.9165896695,
    "mem_alloc": 133552360,
    "n_gc": 50,
    "n_itr": 10
  }
}
