{
  "method": "filter",
  "dataset": "synthetic_ols_n100000.csv",
  "n": 100000,
  "iterations": 100,
  "warmup": 5,
  "timestamp": "2026-01-26T16:03:34",
  "r_version": "4.3.3",
  "timing": {
    "min_us": 6239.2241088673,
    "median_us": 9445.684030652,
    "mean_us": [],
    "max_us": [],
    "itr_per_sec": 116.6989683946,
    "mem_alloc": 9325488,
    "n_gc": 30,
    "n_itr": 70
  }
}
