{
  "method": "filter",
  "dataset": "synthetic_ols_n1000.csv",
  "n": 1000,
  "iterations": 100,
  "warmup": 5,
  "timestamp": "2026-01-26T16:03:29",
  "r_version": "4.3.3",
  "timing": {
    "min_us": 80.3848961368,
    "median_us": 101.7339527607,
    "mean_us": [],
    "max_us": [],
    "itr_per_sec": 10174.795107863,
    "mem_alloc": 93296,
    "n_gc": 1,
    "n_itr": 99
  }
}
