{
  "method": "filter",
  "dataset": "synthetic_ols_n100000.csv",
  "n": 100000,
  "iterations": 10,
  "warmup": 3,
  "timestamp": "2026-02-27T11:35:01",
  "r_version": "4.3.3",
  "timing": {
    "min_us": 14405.3391413763,
    "median_us": 14548.0431383476,
    "mean_us": 0,
    "max_us": 0,
    "itr_per_sec": 68.1577354029,
    "mem_alloc": 9325488,
    "n_gc": 2,
    "n_itr": 8
  }
}
