{
  "method": "group_by",
  "dataset": "synthetic_clustered_n100000.csv",
  "n": 100000,
  "iterations": 100,
  "warmup": 5,
  "timestamp": "2026-01-26T16:03:47",
  "r_version": "4.3.3",
  "timing": {
    "min_us": 24864.5630199462,
    "median_us": 30323.7410262227,
    "mean_us": [],
    "max_us": [],
    "itr_per_sec": 30.0912882594,
    "mem_alloc": 19458944,
    "n_gc": 61,
    "n_itr": 41
  }
}
