{
  "method": "group_by",
  "dataset": "synthetic_clustered_n10000.csv",
  "n": 10000,
  "iterations": 100,
  "warmup": 5,
  "timestamp": "2026-01-26T16:03:41",
  "r_version": "4.3.3",
  "timing": {
    "min_us": 2134.9170710891,
    "median_us": 2351.9751848653,
    "mean_us": [],
    "max_us": [],
    "itr_per_sec": 384.4401529643,
    "mem_alloc": 2110496,
    "n_gc": 11,
    "n_itr": 89
  }
}
