{
  "method": "group_by",
  "dataset": "synthetic_clustered_n100000.csv",
  "n": 100000,
  "iterations": 10,
  "warmup": 3,
  "timestamp": "2026-02-27T11:35:05",
  "r_version": "4.3.3",
  "timing": {
    "min_us": 61252.2751325741,
    "median_us": 71230.6069908664,
    "mean_us": 0,
    "max_us": 0,
    "itr_per_sec": 14.2980437646,
    "mem_alloc": 19458944,
    "n_gc": 5,
    "n_itr": 5
  }
}
