{
  "method": "granger",
  "dataset": "synthetic_multivar_ts_n100000.csv",
  "n": 100000,
  "iterations": 10,
  "warmup": 3,
  "timestamp": "2026-02-27T11:20:43",
  "r_version": "4.3.3",
  "timing": {
    "min_us": 5467748.9910973236,
    "median_us": 5675019.1345345229,
    "mean_us": 0,
    "max_us": 0,
    "itr_per_sec": 0.17709081211,
    "mem_alloc": 1023180896,
    "n_gc": 325,
    "n_itr": 10
  }
}
