{
  "method": "hausman",
  "dataset": "synthetic_panel_n100000.csv",
  "n": 100000,
  "iterations": 10,
  "warmup": 3,
  "timestamp": "2026-02-27T11:14:30",
  "r_version": "4.3.3",
  "timing": {
    "min_us": 973172.907019034,
    "median_us": 1094657.4760018848,
    "mean_us": 0,
    "max_us": 0,
    "itr_per_sec": 0.89218993433,
    "mem_alloc": 486630712,
    "n_gc": 124,
    "n_itr": 10
  }
}
