{
  "method": "hausman",
  "dataset": "synthetic_panel_n1000.csv",
  "n": 1000,
  "iterations": 3,
  "warmup": 3,
  "timestamp": "2026-02-26T21:56:32",
  "r_version": "4.3.3",
  "timing": {
    "min_us": 42260.8680091798,
    "median_us": 42526.2405187823,
    "mean_us": 0,
    "max_us": 0,
    "itr_per_sec": 23.514893106,
    "mem_alloc": 4997280,
    "n_gc": 1,
    "n_itr": 2
  }
}
