{
  "method": "panel_hdfe",
  "dataset": "synthetic_panel_n100000.csv",
  "n": 100000,
  "iterations": 10,
  "warmup": 3,
  "timestamp": "2026-02-27T11:14:36",
  "r_version": "4.3.3",
  "timing": {
    "min_us": 42193.912086077,
    "median_us": 54040.0266181678,
    "mean_us": 0,
    "max_us": 0,
    "itr_per_sec": 18.994303082,
    "mem_alloc": 13779952,
    "n_gc": 7,
    "n_itr": 4
  }
}
