{
  "method": "kaplan_meier",
  "dataset": "synthetic_survival_n100000.csv",
  "n": 100000,
  "iterations": 10,
  "warmup": 3,
  "timestamp": "2026-02-27T11:16:04",
  "r_version": "4.3.3",
  "timing": {
    "min_us": 308606.5710522234,
    "median_us": 441515.4025191441,
    "mean_us": 0,
    "max_us": 0,
    "itr_per_sec": 2.2788402236,
    "mem_alloc": 193152640,
    "n_gc": 46,
    "n_itr": 10
  }
}
