{
  "method": "kmeans",
  "dataset": "synthetic_cluster_n1000.csv",
  "n": 1000,
  "iterations": 100,
  "warmup": 5,
  "timestamp": "2026-01-26T16:01:14",
  "r_version": "4.3.3",
  "timing": {
    "min_us": 7286.0659565777,
    "median_us": 8185.7120385394,
    "mean_us": [],
    "max_us": [],
    "itr_per_sec": 118.3886603154,
    "mem_alloc": 1543024,
    "n_gc": 23,
    "n_itr": 77
  }
}
