{
  "method": "kmeans",
  "dataset": "synthetic_cluster_n10000.csv",
  "n": 10000,
  "iterations": 100,
  "warmup": 5,
  "timestamp": "2026-01-26T16:01:27",
  "r_version": "4.3.3",
  "timing": {
    "min_us": 65336.7820195854,
    "median_us": 87236.7265401408,
    "mean_us": [],
    "max_us": [],
    "itr_per_sec": 11.4629005428,
    "mem_alloc": 14661904,
    "n_gc": 89,
    "n_itr": 20
  }
}
