{
  "method": "kmeans",
  "dataset": "synthetic_cluster_n100000.csv",
  "n": 100000,
  "iterations": 10,
  "warmup": 3,
  "timestamp": "2026-02-27T11:21:35",
  "r_version": "4.3.3",
  "timing": {
    "min_us": 633947.5250570104,
    "median_us": 782686.3080845214,
    "mean_us": 0,
    "max_us": 0,
    "itr_per_sec": 1.2932273511,
    "mem_alloc": 116739216,
    "n_gc": 45,
    "n_itr": 10
  }
}
