{
  "method": "loess",
  "dataset": "synthetic_ols_n1000.csv",
  "n": 1000,
  "iterations": 3,
  "warmup": 3,
  "timestamp": "2026-02-26T21:56:21",
  "r_version": "4.3.3",
  "timing": {
    "min_us": 13802.6070781052,
    "median_us": 13879.7311810777,
    "mean_us": 0,
    "max_us": 0,
    "itr_per_sec": 72.0433457668,
    "mem_alloc": 324336,
    "n_gc": 0,
    "n_itr": 3
  }
}
