{
  "method": "logit",
  "dataset": "synthetic_binary_n100000.csv",
  "n": 100000,
  "iterations": 100,
  "warmup": 5,
  "timestamp": "2026-01-26T16:01:03",
  "r_version": "4.3.3",
  "timing": {
    "min_us": 170187.0639808476,
    "median_us": 230133.9245750569,
    "mean_us": [],
    "max_us": [],
    "itr_per_sec": 4.0003628965,
    "mem_alloc": 313876920,
    "n_gc": 1190,
    "n_itr": 100
  }
}
