{
  "method": "logit",
  "dataset": "synthetic_binary_n10000.csv",
  "n": 10000,
  "iterations": 100,
  "warmup": 5,
  "timestamp": "2026-01-26T16:00:34",
  "r_version": "4.3.3",
  "timing": {
    "min_us": 12013.434083201,
    "median_us": 12980.9960490093,
    "mean_us": [],
    "max_us": [],
    "itr_per_sec": 56.069237897,
    "mem_alloc": 31439416,
    "n_gc": 85,
    "n_itr": 26
  }
}
