{
  "method": "mstl",
  "dataset": "synthetic_timeseries_n100000.csv",
  "n": 100000,
  "iterations": 10,
  "warmup": 3,
  "timestamp": "2026-02-27T11:17:47",
  "r_version": "4.3.3",
  "timing": {
    "min_us": 98834.0390613303,
    "median_us": 213863.9076147228,
    "mean_us": 0,
    "max_us": 0,
    "itr_per_sec": 4.8019512332,
    "mem_alloc": 91742144,
    "n_gc": 47,
    "n_itr": 10
  }
}
