{
  "method": "nls",
  "dataset": "synthetic_ols_n100000.csv",
  "n": 100000,
  "iterations": 10,
  "warmup": 3,
  "timestamp": "2026-02-27T11:08:04",
  "r_version": "4.3.3",
  "timing": {
    "min_us": 57936.9309125468,
    "median_us": 73369.2104695365,
    "mean_us": 0,
    "max_us": 0,
    "itr_per_sec": 11.9196726825,
    "mem_alloc": 69701664,
    "n_gc": 26,
    "n_itr": 10
  }
}
