{
  "method": "ols_hc2",
  "dataset": "synthetic_ols_n100000.csv",
  "n": 100000,
  "iterations": 10,
  "warmup": 3,
  "timestamp": "2026-02-27T11:07:38",
  "r_version": "4.3.3",
  "timing": {
    "min_us": 279466.5310066193,
    "median_us": 308008.5989786312,
    "mean_us": 0,
    "max_us": 0,
    "itr_per_sec": 3.0642271047,
    "mem_alloc": 83054600,
    "n_gc": 48,
    "n_itr": 10
  }
}
