{
  "method": "ols",
  "dataset": "synthetic_ols_n1000.csv",
  "n": 1000,
  "iterations": 100,
  "warmup": 5,
  "timestamp": "2026-01-26T15:59:40",
  "r_version": "4.3.3",
  "timing": {
    "min_us": 578.7619156763,
    "median_us": 633.1379991025,
    "mean_us": [],
    "max_us": [],
    "itr_per_sec": 1543.2008515682,
    "mem_alloc": 314312,
    "n_gc": 5,
    "n_itr": 95
  }
}
