{
  "method": "ols_robust",
  "dataset": "synthetic_ols_n100000.csv",
  "n": 100000,
  "iterations": 20,
  "warmup": 3,
  "timestamp": "2026-01-26T11:48:16",
  "r_version": "4.3.3",
  "timing": {
    "min_us": 126900.2141198143,
    "median_us": 159801.0375746526,
    "mean_us": [],
    "max_us": [],
    "itr_per_sec": 6.2055934955,
    "mem_alloc": 83054600,
    "n_gc": 98,
    "n_itr": 20
  }
}
