{
  "method": "ols_hc0",
  "dataset": "synthetic_ols_n100000.csv",
  "n": 100000,
  "iterations": 10,
  "warmup": 3,
  "timestamp": "2026-02-27T11:07:15",
  "r_version": "4.3.3",
  "timing": {
    "min_us": 270576.6749568284,
    "median_us": 289782.3855164461,
    "mean_us": 0,
    "max_us": 0,
    "itr_per_sec": 3.2494049468,
    "mem_alloc": 82254552,
    "n_gc": 48,
    "n_itr": 10
  }
}
