{
  "method": "ols",
  "dataset": "synthetic_ols_n10000.csv",
  "n": 10000,
  "iterations": 100,
  "warmup": 5,
  "timestamp": "2026-01-26T15:59:42",
  "r_version": "4.3.3",
  "timing": {
    "min_us": 2093.5609936714,
    "median_us": 2199.2290276103,
    "mean_us": [],
    "max_us": [],
    "itr_per_sec": 433.8742095077,
    "mem_alloc": 3173192,
    "n_gc": 6,
    "n_itr": 94
  }
}
