{
  "method": "ols_hc3",
  "dataset": "synthetic_ols_n1000.csv",
  "n": 1000,
  "iterations": 3,
  "warmup": 3,
  "timestamp": "2026-02-26T22:09:45",
  "r_version": "4.3.3",
  "timing": {
    "min_us": 6978.212040849,
    "median_us": 7009.2879468575,
    "mean_us": 0,
    "max_us": 0,
    "itr_per_sec": 141.8222987517,
    "mem_alloc": 834216,
    "n_gc": 0,
    "n_itr": 3
  }
}
