{
  "method": "ols",
  "dataset": "synthetic_ols_n100000.csv",
  "n": 100000,
  "iterations": 10,
  "warmup": 3,
  "timestamp": "2026-02-27T11:07:08",
  "r_version": "4.3.3",
  "timing": {
    "min_us": 51205.5070139468,
    "median_us": 57732.9900115728,
    "mean_us": 0,
    "max_us": 0,
    "itr_per_sec": 17.3211191695,
    "mem_alloc": 31450696,
    "n_gc": 13,
    "n_itr": 2
  }
}
