{
  "method": "ols",
  "dataset": "synthetic_ols_n100.csv",
  "n": 100,
  "iterations": 30,
  "warmup": 3,
  "timestamp": "2026-02-26T15:47:09",
  "r_version": "4.3.3",
  "timing": {
    "min_us": 1041.7660232633,
    "median_us": 1163.6799899861,
    "mean_us": [],
    "max_us": [],
    "itr_per_sec": 765.3976472091,
    "mem_alloc": 33544,
    "n_gc": 1,
    "n_itr": 29
  }
}
