{
  "method": "ols_hc1",
  "dataset": "synthetic_ols_n1000.csv",
  "n": 1000,
  "iterations": 3,
  "warmup": 3,
  "timestamp": "2026-02-26T22:09:44",
  "r_version": "4.3.3",
  "timing": {
    "min_us": 6738.5081201792,
    "median_us": 7893.6431091279,
    "mean_us": 0,
    "max_us": 0,
    "itr_per_sec": 126.5148396974,
    "mem_alloc": 826168,
    "n_gc": 0,
    "n_itr": 3
  }
}
