{
  "method": "ols_robust",
  "dataset": "synthetic_ols_n100000.csv",
  "n": 100000,
  "iterations": 20,
  "warmup": 3,
  "timestamp": "2026-01-26T11:48:21",
  "r_version": "4.3.3",
  "timing": {
    "min_us": 128087.880089879,
    "median_us": 139628.7955576554,
    "mean_us": [],
    "max_us": [],
    "itr_per_sec": 6.6501136537,
    "mem_alloc": 83054600,
    "n_gc": 98,
    "n_itr": 20
  }
}
