{
  "method": "ols_clustered",
  "dataset": "synthetic_clustered_n100000.csv",
  "n": 100000,
  "iterations": 10,
  "warmup": 3,
  "timestamp": "2026-02-27T11:08:15",
  "r_version": "4.3.3",
  "timing": {
    "min_us": 71678.0349612236,
    "median_us": 98949.7940172441,
    "mean_us": 0,
    "max_us": 0,
    "itr_per_sec": 9.8898057741,
    "mem_alloc": 57730552,
    "n_gc": 27,
    "n_itr": 10
  }
}
