{
  "method": "ols_robust",
  "dataset": "synthetic_ols_n100000.csv",
  "n": 100000,
  "iterations": 20,
  "warmup": 3,
  "timestamp": "2026-01-26T11:48:06",
  "r_version": "4.3.3",
  "timing": {
    "min_us": 126388.6039378121,
    "median_us": 137225.4050220363,
    "mean_us": [],
    "max_us": [],
    "itr_per_sec": 6.7864722682,
    "mem_alloc": 82254552,
    "n_gc": 98,
    "n_itr": 20
  }
}
