{
  "method": "ols",
  "dataset": "synthetic_ols_n100000.csv",
  "n": 100000,
  "iterations": 100,
  "warmup": 5,
  "timestamp": "2026-01-26T15:59:47",
  "r_version": "4.3.3",
  "timing": {
    "min_us": 22759.8790079355,
    "median_us": 23112.1950782835,
    "mean_us": [],
    "max_us": [],
    "itr_per_sec": 41.5190324561,
    "mem_alloc": 31450696,
    "n_gc": 124,
    "n_itr": 10
  }
}
