{
  "method": "ols_hc1",
  "dataset": "synthetic_ols_n100000.csv",
  "n": 100000,
  "iterations": 10,
  "warmup": 3,
  "timestamp": "2026-02-27T11:07:22",
  "r_version": "4.3.3",
  "timing": {
    "min_us": 282778.7370188162,
    "median_us": 308166.1714822985,
    "mean_us": 0,
    "max_us": 0,
    "itr_per_sec": 3.0557424081,
    "mem_alloc": 82254552,
    "n_gc": 48,
    "n_itr": 10
  }
}
