{
  "method": "ols_hc3",
  "dataset": "synthetic_ols_n100000.csv",
  "n": 100000,
  "iterations": 10,
  "warmup": 3,
  "timestamp": "2026-02-27T11:07:30",
  "r_version": "4.3.3",
  "timing": {
    "min_us": 265532.9171102494,
    "median_us": 306245.9740322083,
    "mean_us": 0,
    "max_us": 0,
    "itr_per_sec": 3.1492504463,
    "mem_alloc": 83054600,
    "n_gc": 48,
    "n_itr": 10
  }
}
