{
  "method": "ols_robust",
  "dataset": "synthetic_ols_n100.csv",
  "n": 100,
  "iterations": 100,
  "warmup": 5,
  "timestamp": "2026-01-26T16:03:50",
  "r_version": "4.3.3",
  "timing": {
    "min_us": 1144.3900875747,
    "median_us": 2221.5259959921,
    "mean_us": [],
    "max_us": [],
    "itr_per_sec": 504.2518433517,
    "mem_alloc": 88200,
    "n_gc": 2,
    "n_itr": 98
  }
}
