{
  "method": "ols_robust",
  "dataset": "synthetic_ols_n100000.csv",
  "n": 100000,
  "iterations": 50,
  "warmup": 5,
  "timestamp": "2026-01-26T07:48:03",
  "r_version": "4.3.3",
  "timing": {
    "min_us": 127320.1639996842,
    "median_us": 137235.0720339455,
    "mean_us": [],
    "max_us": [],
    "itr_per_sec": 6.7604839027,
    "mem_alloc": 82254552,
    "n_gc": 226,
    "n_itr": 50
  }
}
