{
  "method": "panel_fe",
  "dataset": "synthetic_panel_n10000.csv",
  "n": 10000,
  "iterations": 100,
  "warmup": 5,
  "timestamp": "2026-01-26T16:00:00",
  "r_version": "4.3.3",
  "timing": {
    "min_us": 16047.5729499012,
    "median_us": 16661.4589979872,
    "mean_us": [],
    "max_us": [],
    "itr_per_sec": 56.9413758495,
    "mem_alloc": 18104128,
    "n_gc": 61,
    "n_itr": 39
  }
}
