{
  "method": "panel_fe",
  "dataset": "synthetic_panel_n1000.csv",
  "n": 1000,
  "iterations": 3,
  "warmup": 3,
  "timestamp": "2026-02-26T21:56:25",
  "r_version": "4.3.3",
  "timing": {
    "min_us": 16639.6800195798,
    "median_us": 18009.9725257605,
    "mean_us": 0,
    "max_us": 0,
    "itr_per_sec": 55.5247931983,
    "mem_alloc": 1835520,
    "n_gc": 1,
    "n_itr": 2
  }
}
