{
  "method": "panel_fe",
  "dataset": "synthetic_panel_n200.csv",
  "n": 200,
  "iterations": 30,
  "warmup": 3,
  "timestamp": "2026-02-26T15:47:22",
  "r_version": "4.3.3",
  "timing": {
    "min_us": 11306.9319631904,
    "median_us": 14398.3928719535,
    "mean_us": [],
    "max_us": [],
    "itr_per_sec": 69.0872379704,
    "mem_alloc": 396856,
    "n_gc": 3,
    "n_itr": 27
  }
}
