{
  "method": "panel_fe",
  "dataset": "synthetic_panel_n200.csv",
  "n": 200,
  "iterations": 100,
  "warmup": 5,
  "timestamp": "2026-01-26T15:59:52",
  "r_version": "4.3.3",
  "timing": {
    "min_us": 5157.6760597527,
    "median_us": 5473.9580955356,
    "mean_us": [],
    "max_us": [],
    "itr_per_sec": 175.5260526476,
    "mem_alloc": 396856,
    "n_gc": 9,
    "n_itr": 91
  }
}
