{
  "method": "panel_re",
  "dataset": "synthetic_panel_n1000.csv",
  "n": 1000,
  "iterations": 3,
  "warmup": 3,
  "timestamp": "2026-02-26T21:56:28",
  "r_version": "4.3.3",
  "timing": {
    "min_us": 31015.3309255838,
    "median_us": 31183.7039189413,
    "mean_us": 0,
    "max_us": 0,
    "itr_per_sec": 31.6386682856,
    "mem_alloc": 5110616,
    "n_gc": 0,
    "n_itr": 3
  }
}
