{
  "method": "panel_re",
  "dataset": "synthetic_panel_n1000.csv",
  "n": 1000,
  "iterations": 50,
  "warmup": 5,
  "timestamp": "2026-01-26T10:04:24",
  "r_version": "4.3.3",
  "timing": {
    "min_us": 14597.274013795,
    "median_us": 15650.3844773397,
    "mean_us": [],
    "max_us": [],
    "itr_per_sec": 59.5426040992,
    "mem_alloc": 5110616,
    "n_gc": 10,
    "n_itr": 40
  }
}
