{
  "method": "panel_fe",
  "dataset": "synthetic_panel_n100000.csv",
  "n": 100000,
  "iterations": 100,
  "warmup": 5,
  "timestamp": "2026-01-26T16:00:25",
  "r_version": "4.3.3",
  "timing": {
    "min_us": 154045.4449132085,
    "median_us": 194778.4734657034,
    "mean_us": [],
    "max_us": [],
    "itr_per_sec": 4.778740114,
    "mem_alloc": 179259440,
    "n_gc": 500,
    "n_itr": 100
  }
}
