{
  "method": "panel_re",
  "dataset": "synthetic_panel_n100000.csv",
  "n": 100000,
  "iterations": 10,
  "warmup": 3,
  "timestamp": "2026-02-27T11:14:07",
  "r_version": "4.3.3",
  "timing": {
    "min_us": 714263.5989002883,
    "median_us": 1048233.4368862212,
    "mean_us": 0,
    "max_us": 0,
    "itr_per_sec": 0.96546786264,
    "mem_alloc": 495245824,
    "n_gc": 139,
    "n_itr": 10
  }
}
