{
  "method": "pca",
  "dataset": "synthetic_pca_n10000.csv",
  "n": 10000,
  "iterations": 100,
  "warmup": 5,
  "timestamp": "2026-01-26T16:03:04",
  "r_version": "4.3.3",
  "timing": {
    "min_us": 1417.2580558807,
    "median_us": 1539.3500216305,
    "mean_us": [],
    "max_us": [],
    "itr_per_sec": 595.8638315588,
    "mem_alloc": 5284712,
    "n_gc": 9,
    "n_itr": 91
  }
}
