{
  "method": "pca",
  "dataset": "synthetic_pca_n100000.csv",
  "n": 100000,
  "iterations": 10,
  "warmup": 3,
  "timestamp": "2026-02-27T11:34:45",
  "r_version": "4.3.3",
  "timing": {
    "min_us": 18858.7551238015,
    "median_us": 18858.7551238015,
    "mean_us": 0,
    "max_us": 0,
    "itr_per_sec": 53.0257693806,
    "mem_alloc": 39603544,
    "n_gc": 15,
    "n_itr": 1
  }
}
