{
  "method": "pca",
  "dataset": "synthetic_pca_n100.csv",
  "n": 100,
  "iterations": 100,
  "warmup": 5,
  "timestamp": "2026-01-26T16:03:01",
  "r_version": "4.3.3",
  "timing": {
    "min_us": 137.6459840685,
    "median_us": 160.1539552212,
    "mean_us": [],
    "max_us": [],
    "itr_per_sec": 5662.4208217096,
    "mem_alloc": 57512,
    "n_gc": 3,
    "n_itr": 97
  }
}
