{
  "method": "quantreg",
  "dataset": "synthetic_ols_n1000.csv",
  "n": 1000,
  "iterations": 3,
  "warmup": 3,
  "timestamp": "2026-02-26T21:56:04",
  "r_version": "4.3.3",
  "timing": {
    "min_us": 8241.7010562494,
    "median_us": 8439.1080308706,
    "mean_us": 0,
    "max_us": 0,
    "itr_per_sec": 119.3545251461,
    "mem_alloc": 1766408,
    "n_gc": 0,
    "n_itr": 3
  }
}
