{
  "method": "quantreg",
  "dataset": "synthetic_ols_n100000.csv",
  "n": 100000,
  "iterations": 10,
  "warmup": 3,
  "timestamp": "2026-02-27T11:13:31",
  "r_version": "4.3.3",
  "timing": {
    "min_us": 21698514.964897186,
    "median_us": 22087513.370497618,
    "mean_us": 0,
    "max_us": 0,
    "itr_per_sec": 0.045063256896,
    "mem_alloc": 175858792,
    "n_gc": 51,
    "n_itr": 10
  }
}
