{
  "method": "select",
  "dataset": "synthetic_ols_n100000.csv",
  "n": 100000,
  "iterations": 10,
  "warmup": 3,
  "timestamp": "2026-02-27T11:35:09",
  "r_version": "4.3.3",
  "timing": {
    "min_us": 62.9059504718,
    "median_us": 71.0904714651,
    "mean_us": 0,
    "max_us": 0,
    "itr_per_sec": 12385.006490283,
    "mem_alloc": 0,
    "n_gc": 0,
    "n_itr": 10
  }
}
