{
  "method": "sort",
  "dataset": "synthetic_ols_n100000.csv",
  "n": 100000,
  "iterations": 100,
  "warmup": 5,
  "timestamp": "2026-01-26T16:03:24",
  "r_version": "4.3.3",
  "timing": {
    "min_us": 12253.477005288,
    "median_us": 12782.9699777067,
    "mean_us": [],
    "max_us": [],
    "itr_per_sec": 67.9016134581,
    "mem_alloc": 5048912,
    "n_gc": 17,
    "n_itr": 83
  }
}
