{
  "method": "sort",
  "dataset": "synthetic_ols_n1000.csv",
  "n": 1000,
  "iterations": 100,
  "warmup": 5,
  "timestamp": "2026-01-26T16:03:19",
  "r_version": "4.3.3",
  "timing": {
    "min_us": 74.2400297895,
    "median_us": 84.5779431984,
    "mean_us": [],
    "max_us": [],
    "itr_per_sec": 10933.2757265571,
    "mem_alloc": 48528,
    "n_gc": 1,
    "n_itr": 99
  }
}
