{
  "method": "sort",
  "dataset": "synthetic_ols_n10000.csv",
  "n": 10000,
  "iterations": 100,
  "warmup": 5,
  "timestamp": "2026-01-26T16:03:21",
  "r_version": "4.3.3",
  "timing": {
    "min_us": 707.3150482029,
    "median_us": 1417.0506037772,
    "mean_us": [],
    "max_us": [],
    "itr_per_sec": 788.1431111763,
    "mem_alloc": 531408,
    "n_gc": 0,
    "n_itr": 100
  }
}
