{
  "method": "standardize",
  "dataset": "synthetic_ols_n100000.csv",
  "n": 100000,
  "iterations": 20,
  "warmup": 3,
  "timestamp": "2026-01-26T09:13:58",
  "r_version": "4.3.3",
  "timing": {
    "min_us": 6062.1091397479,
    "median_us": 6062.1091397479,
    "mean_us": [],
    "max_us": [],
    "itr_per_sec": 164.9590888167,
    "mem_alloc": 31201752,
    "n_gc": 23,
    "n_itr": 1
  }
}
