{
  "method": "standardize",
  "dataset": "synthetic_ols_n100000.csv",
  "n": 100000,
  "iterations": 10,
  "warmup": 3,
  "timestamp": "2026-02-27T11:35:07",
  "r_version": "4.3.3",
  "timing": {
    "min_us": 8349.2890698835,
    "median_us": 10126.0151714087,
    "mean_us": 0,
    "max_us": 0,
    "itr_per_sec": 99.9500768487,
    "mem_alloc": 20801264,
    "n_gc": 8,
    "n_itr": 3
  }
}
