{
  "method": "stl",
  "dataset": "synthetic_timeseries_n100000.csv",
  "n": 100000,
  "iterations": 10,
  "warmup": 3,
  "timestamp": "2026-02-27T11:17:38",
  "r_version": "4.3.3",
  "timing": {
    "min_us": 176046.6629639268,
    "median_us": 176046.6629639268,
    "mean_us": 0,
    "max_us": 0,
    "itr_per_sec": 5.6803121579,
    "mem_alloc": 36253528,
    "n_gc": 13,
    "n_itr": 1
  }
}
