{
  "method": "ttest_two_sample",
  "dataset": "synthetic_ols_n100000.csv",
  "n": 100000,
  "iterations": 10,
  "warmup": 3,
  "timestamp": "2026-02-27T11:20:55",
  "r_version": "4.3.3",
  "timing": {
    "min_us": 5902.7719544247,
    "median_us": 6268.9345795661,
    "mean_us": 0,
    "max_us": 0,
    "itr_per_sec": 154.1498936312,
    "mem_alloc": 7049216,
    "n_gc": 2,
    "n_itr": 8
  }
}
