{
  "method": "wilcoxon",
  "dataset": "synthetic_ols_n100000.csv",
  "n": 100000,
  "iterations": 10,
  "warmup": 3,
  "timestamp": "2026-02-27T11:21:09",
  "r_version": "4.3.3",
  "timing": {
    "min_us": 648563.3651027456,
    "median_us": 690463.1391516887,
    "mean_us": 0,
    "max_us": 0,
    "itr_per_sec": 1.4388570041,
    "mem_alloc": 62888640,
    "n_gc": 19,
    "n_itr": 10
  }
}
