"test_case","mean_ms","median_ms","min_ms","max_ms","n_eval"
"small",129.69169515,128.6825815,115.166901,157.178962,20
"medium",131.6013533,127.7907015,119.098408,153.245508,10
"large_placebo",1318.4367786,1308.450359,1096.624189,1508.611064,5
