"method","variant","median_ms","mean_ms","min_ms","max_ms"
"matchit","matchit_nn",1.09025645e-05,1.252356605e-05,9.204258e-06,3.3128196e-05
"matchit","matchit_cem",7.445566e-06,1.536683735e-05,6.488396e-06,3.1166436e-05
"weightit","weightit_ps",1.95311875e-05,2.10702488e-05,1.6666156e-05,3.4358791e-05
"weightit","weightit_ebal",1.45664305e-05,1.96367437e-05,1.3543395e-05,8.8103901e-05
"cbps","cbps",0.0004685548275,0.0005214613391,0.000455313652,0.000861512249
"sensemakr","sensemakr",1.8517872e-05,2.252919114e-05,1.2030687e-05,0.000160694656
